pair,algorithm,cost,opt,time_ms,work,gap_%
0,BFS,2889.191165453097,2884.6708630400803,0.46070000098552555,1081,0.15670080323315627
0,DFS,57536.89599420674,2884.6708630400803,0.48889999743551016,849,1894.5740337797179
0,Dijkstra,2884.6708630400803,2884.6708630400803,0.8625000045867637,744,0.0
0,A*,2884.6708630400803,2884.6708630400803,0.3176000027451664,121,0.0
0,Hill climbing,2886.4645414325632,2884.6708630400803,898.0538000032539,591,0.06217965506791767
0,Simulated annealing,2886.848539175292,2884.6708630400803,2315.9391000008327,1721,0.07549132079895937
1,BFS,10465.284184350447,8865.242773612257,0.5842999962624162,1173,18.04847821540516
1,DFS,73066.35354788418,8865.242773612257,0.9367000020574778,1657,724.1889750088857
1,Dijkstra,8865.242773612257,8865.242773612257,2.5220000025001355,2034,0.0
1,A*,8865.242773612257,8865.242773612257,1.98870000167517,776,0.0
1,Hill climbing,10476.7171528923,8865.242773612257,454.37060000404017,421,18.177442179887727
1,Simulated annealing,10461.390271266207,8865.242773612257,2083.7929000044824,1721,18.004554848796083
2,BFS,1998.9880338248865,1993.5977045740467,0.27850000333273783,613,0.2703819952477149
2,DFS,66447.04649943468,1993.5977045740467,1.0570000013103709,1555,3233.021820148604
2,Dijkstra,1993.5977045740467,1993.5977045740467,0.4063000014866702,340,0.0
2,A*,1993.5977045740467,1993.5977045740467,0.25019999884534627,83,0.0
2,Hill climbing,1993.7036178706564,1993.5977045740467,278.48520000407007,431,0.005312671476631614
2,Simulated annealing,1993.5977045740467,1993.5977045740467,1325.1736999955028,1721,0.0
3,BFS,5955.435673762235,5834.219385039167,0.6203000011737458,1474,2.0776779329537254
3,DFS,58584.50845705414,5834.219385039167,0.8524000004399568,1360,904.1533338167543
3,Dijkstra,5834.219385039167,5834.219385039167,2.248400000098627,1683,0.0
3,A*,5834.219385039167,5834.219385039167,2.464400000462774,979,0.0
3,Hill climbing,5955.435673762235,5834.219385039167,1469.4063999995706,811,2.0776779329537254
3,Simulated annealing,7013.657620066414,5834.219385039167,4099.055500002578,1721,20.21587049077569
4,BFS,5887.380879706123,5887.380879706123,0.5555000025196932,1163,0.0
4,DFS,60741.19030367315,5887.380879706123,1.0296000036760233,1731,931.7183743462023
4,Dijkstra,5887.380879706123,5887.380879706123,3.591100001358427,2558,0.0
4,A*,5887.380879706123,5887.380879706123,1.464799999666866,546,0.0
4,Hill climbing,5887.380879706123,5887.380879706123,729.4938000050024,751,0.0
4,Simulated annealing,5887.380879706123,5887.380879706123,1026.9774999978836,1721,0.0
5,BFS,4248.670873418819,4144.536383895906,0.26509999588597566,630,2.5125726951641836
5,DFS,61195.87981186674,4144.536383895906,0.9883000020636246,1677,1376.5434331726628
5,Dijkstra,4144.536383895906,4144.536383895906,1.0486999963177368,872,0.0
5,A*,4144.536383895906,4144.536383895906,0.7738999993307516,288,0.0
5,Hill climbing,4144.536383895906,4144.536383895906,410.8319000006304,561,0.0
5,Simulated annealing,4144.536383895906,4144.536383895906,854.3587000021944,1721,0.0
6,BFS,9159.370171967204,9073.519965212023,0.23950000468175858,627,0.946162096786396
6,DFS,42976.864245777775,9073.519965212023,0.2629999944474548,439,373.6515091227171
6,Dijkstra,9073.519965212023,9073.519965212023,2.3116999946068972,1629,0.0
6,A*,9073.519965212023,9073.519965212023,0.9835000018938445,411,0.0
6,Hill climbing,9157.808942685591,9073.519965212023,400.61429999332177,511,0.9289556621546291
6,Simulated annealing,9093.271866018105,9073.519965212023,1154.415400000289,1721,0.21768730197113673
7,BFS,7847.136983885813,7630.5268063326575,0.8900999964680523,2215,2.838731624314428
7,DFS,52300.22269048707,7630.5268063326575,1.3720000060857274,2301,585.4077577852494
7,Dijkstra,7630.5268063326575,7630.5268063326575,4.341899999417365,2546,0.0
7,A*,7630.5268063326575,7630.5268063326575,3.570200002286583,1200,0.0
7,Hill climbing,7954.177396016858,7630.5268063326575,2082.102499996836,841,4.241523526470026
7,Simulated annealing,7692.382855786277,7630.5268063326575,4922.237500002666,1721,0.8106393047762284
8,BFS,7770.0043991011225,7770.0043991011225,0.8254999993368983,2127,0.0
8,DFS,49340.68787330804,7770.0043991011225,1.2454000025172718,2141,535.0149284216112
8,Dijkstra,7770.0043991011225,7770.0043991011225,3.0542999957106076,2535,0.0
8,A*,7770.0043991011225,7770.0043991011225,2.656399999978021,1054,0.0
8,Hill climbing,8044.147217131076,7770.0043991011225,1504.4970000017202,681,3.528219598713078
8,Simulated annealing,7770.0043991011225,7770.0043991011225,3663.6556000012206,1721,0.0
9,BFS,6181.475253954888,5418.155408185679,1.2411000061547384,2235,14.088186629272293
9,DFS,40778.82230732241,5418.155408185679,1.2483999962569214,2307,652.6329393526491
9,Dijkstra,5418.155408185679,5418.155408185679,1.4760999983991496,1231,0.0
9,A*,5418.155408185679,5418.155408185679,0.8642999964649789,343,0.0
9,Hill climbing,6167.851461394032,5418.155408185679,474.9305000004824,541,13.836739567782086
9,Simulated annealing,6167.851461394032,5418.155408185679,1293.1814000039594,1721,13.836739567782086
10,BFS,10062.50849330385,9785.417213342298,0.5884999991394579,1463,2.831675685567525
10,DFS,56378.82398762625,9785.417213342298,1.119799999287352,2092,476.1514584248325
10,Dijkstra,9785.417213342298,9785.417213342298,2.704200000152923,2277,0.0
10,A*,9785.417213342298,9785.417213342298,1.371300000755582,604,0.0
10,Hill climbing,9792.10301746924,9785.417213342298,475.57209999649785,411,0.0683241601372453
10,Simulated annealing,9793.928208852289,9785.417213342298,2066.106000005675,1721,0.08697631715064436
11,BFS,8524.089189872358,7112.579011322808,1.2218999981996603,2621,19.8452653573691
11,DFS,48333.930345036126,7112.579011322808,1.3601999962702394,2152,579.5556192499422
11,Dijkstra,7112.579011322808,7112.579011322808,2.0736000005854294,1545,0.0
11,A*,7112.579011322808,7112.579011322808,0.556800005142577,234,0.0
11,Hill climbing,11704.917991066852,7112.579011322808,1261.3272000016877,751,64.56643887446889
11,Simulated annealing,7113.231604563148,7112.579011322808,3067.7511999965645,1721,0.009175198465993795
12,BFS,5916.333112005015,4679.121752331164,0.6340999971143901,1553,26.44110209479942
12,DFS,39266.58868083617,4679.121752331164,1.117099993280135,2075,739.1871543259873
12,Dijkstra,4679.121752331164,4679.121752331164,1.0633999991114251,904,0.0
12,A*,4679.121752331164,4679.121752331164,0.2856999999494292,112,0.0
12,Hill climbing,5979.7463439083685,4679.121752331164,810.1473999995505,741,27.796340006096788
12,Simulated annealing,4679.121752331164,4679.121752331164,2868.0520999987493,1721,0.0
13,BFS,7128.686237950227,7128.686237950227,0.19279999833088368,489,0.0
13,DFS,49002.05754681005,7128.686237950227,0.39820000529289246,729,587.3925420639642
13,Dijkstra,7128.686237950227,7128.686237950227,1.808499997423496,1485,0.0
13,A*,7128.686237950227,7128.686237950227,1.405000002705492,504,0.0
13,Hill climbing,7128.686237950227,7128.686237950227,449.7689999989234,471,0.0
13,Simulated annealing,7128.686237950227,7128.686237950227,1217.208500005654,1721,0.0
14,BFS,8027.83431561223,7775.949886614619,0.16139999934239313,425,3.2392753640452465
14,DFS,56700.22906098934,7775.949886614619,1.2243000019225292,2203,629.1743116630947
14,Dijkstra,7775.949886614619,7775.949886614619,1.8192999996244907,1441,0.0
14,A*,7775.949886614619,7775.949886614619,0.5721999987144955,218,0.0
14,Hill climbing,7775.949886614619,7775.949886614619,343.9903999969829,441,0.0
14,Simulated annealing,7775.949886614619,7775.949886614619,1226.0492999994312,1721,0.0
15,BFS,11744.850087880839,10449.415975707378,1.3294000018504448,2693,12.397191529029605
15,DFS,55228.33893389211,10449.415975707378,1.0944999958155677,1784,428.5303892799942
15,Dijkstra,10449.415975707378,10449.415975707378,4.054900004121009,2670,0.0
15,A*,10449.415975707378,10449.415975707378,6.310799995844718,1954,0.0
15,Hill climbing,12924.22603002725,10449.415975707378,3325.049200000649,1141,23.683716487823524
15,Simulated annealing,11552.967238281195,10449.415975707378,4860.6188999983715,1721,10.560889385008077
16,BFS,9341.318089376453,8375.732703253872,1.0225000005448237,2533,11.528369162825157
16,DFS,64272.15160470698,8375.732703253872,1.180699997348711,1765,667.3615417518997
16,Dijkstra,8375.732703253872,8375.732703253872,3.161199994792696,2522,0.0
16,A*,8375.732703253872,8375.732703253872,4.1438999978709035,1577,0.0
16,Hill climbing,8375.732703253872,8375.732703253872,1618.6521999989054,741,0.0
16,Simulated annealing,9896.598860380369,8375.732703253872,4518.471100003808,1721,18.158007317206515
17,BFS,6240.101444913816,5712.795919754699,0.7038000039756298,1767,9.230253146899713
17,DFS,71630.08100893008,5712.795919754699,0.669100001687184,1093,1153.8533148232223
17,Dijkstra,5712.795919754699,5712.795919754699,1.3527999981306493,1172,0.0
17,A*,5712.795919754699,5712.795919754699,2.1265999966999516,799,0.0
17,Hill climbing,7318.020377183443,5712.795919754699,1203.738100004557,1231,28.098753744693038
17,Simulated annealing,6937.014862075248,5712.795919754699,1973.901700002898,1721,21.429418440928938
18,BFS,9411.67890820537,8764.780664365802,0.3084999989368953,618,7.380655245254508
18,DFS,22027.549668348514,8764.780664365802,2.4850999980117194,2687,151.31889218750203
18,Dijkstra,8764.780664365802,8764.780664365802,3.653100000519771,1973,0.0
18,A*,8764.780664365802,8764.780664365802,0.48290000268025324,138,0.0
18,Hill climbing,8764.780664365802,8764.780664365802,248.24480000097537,821,0.0
18,Simulated annealing,8764.780664365802,8764.780664365802,520.5784999998286,1721,0.0
19,BFS,4310.538145145089,4222.175765133725,0.11979999544564635,305,2.0928162380413395
19,DFS,7021.790843512172,4222.175765133725,2.3390999995172024,2736,66.30740248895768
19,Dijkstra,4222.175765133725,4222.175765133725,1.4749999972991645,695,0.0
19,A*,4222.175765133725,4222.175765133725,1.2067999996361323,437,0.0
19,Hill climbing,4521.176919669367,4222.175765133725,548.0817999996361,471,7.081684211367079
19,Simulated annealing,4222.175765133725,4222.175765133725,1809.8010000030627,1721,0.0
20,BFS,5626.715726838423,5256.615115520325,0.8140999998431653,2040,7.0406640620380045
20,DFS,54894.74555378309,5256.615115520325,1.1464999988675117,2131,944.2983621095749
20,Dijkstra,5256.615115520325,5256.615115520325,1.9780000002356246,1555,0.0
20,A*,5256.615115520325,5256.615115520325,1.7597999976715073,716,0.0
20,Hill climbing,6990.465728026561,5256.615115520325,1575.110300000233,611,32.98416517859537
20,Simulated annealing,5274.733828076093,5256.615115520325,4353.368099997169,1721,0.3446840249397676
21,BFS,10641.270472211127,10116.34873821247,0.8569999990868382,1687,5.188845774126705
21,DFS,37318.03303168928,10116.34873821247,1.6577999995206483,2573,268.8883607850323
21,Dijkstra,10116.34873821247,10116.34873821247,3.1113000004552305,2264,0.0
21,A*,10116.34873821247,10116.34873821247,1.8529000008129515,754,0.0
21,Hill climbing,10180.885814879954,10116.34873821247,1507.4229999954696,671,0.6379483184848045
21,Simulated annealing,10116.34873821247,10116.34873821247,4048.4198999984073,1721,0.0
22,BFS,10638.214395682531,9005.723514562822,0.4532000020844862,1059,18.12725960862409
22,DFS,69423.93017191233,9005.723514562822,0.5105000018374994,870,670.8867595107652
22,Dijkstra,9005.723514562822,9005.723514562822,2.864800000679679,2063,0.0
22,A*,9005.723514562822,9005.723514562822,2.406499996141065,929,0.0
22,Hill climbing,10601.871012216772,9005.723514562822,901.5682999961427,831,17.723700878367854
22,Simulated annealing,9005.723514562822,9005.723514562822,1922.3654000015813,1721,0.0
23,BFS,6874.290221102966,6712.170974016179,0.8794000023044646,1874,2.415302704808542
23,DFS,79529.53402127758,6712.170974016179,0.9280999947804958,1585,1084.8556052750791
23,Dijkstra,6712.170974016179,6712.170974016179,1.6926000025705434,1392,0.0
23,A*,6712.170974016179,6712.170974016179,0.5960000053164549,224,0.0
23,Hill climbing,6831.531848936511,6712.170974016179,536.9255000041449,461,1.778275246301031
23,Simulated annealing,8069.051415911253,6712.170974016179,1549.346300002071,1721,20.215224659022567
24,BFS,5286.403687861461,5286.403687861461,0.6244000032893382,1388,0.0
24,DFS,39090.868174206014,5286.403687861461,1.327600002696272,2365,639.4605195204014
24,Dijkstra,5286.403687861461,5286.403687861461,2.5525999953970313,2095,0.0
24,A*,5286.403687861461,5286.403687861461,0.2392999958829023,95,0.0
24,Hill climbing,5286.403687861461,5286.403687861461,625.3701000023284,501,0.0
24,Simulated annealing,5286.403687861461,5286.403687861461,1957.1546000006492,1721,0.0
25,BFS,4035.6917793921334,4035.6917793921334,0.9482999957981519,2330,0.0
25,DFS,63941.471706060875,4035.6917793921334,0.9511000025668181,1674,1484.399285212309
25,Dijkstra,4035.6917793921334,4035.6917793921334,1.422399996954482,1135,0.0
25,A*,4035.6917793921334,4035.6917793921334,0.3453999961493537,126,0.0
25,Hill climbing,6383.716256408239,4035.6917793921334,1029.7716999994009,961,58.18146194925151
25,Simulated annealing,6383.716256408239,4035.6917793921334,1829.8569000035059,1721,58.18146194925151
26,BFS,10577.015581048128,7493.312917224324,1.0531000007176772,2371,41.15272774389982
26,DFS,69274.7964900699,7493.312917224324,1.835800001572352,2006,824.488237116497
26,Dijkstra,7493.312917224324,7493.312917224324,3.3080000066547655,1835,0.0
26,A*,7493.312917224324,7493.312917224324,2.6416999971843325,571,0.0
26,Hill climbing,9512.070840747245,7493.312917224324,993.637999999919,621,26.94079302203636
26,Simulated annealing,9503.051813129186,7493.312917224324,2672.8610999998637,1721,26.820432005251305
27,BFS,5272.0652101505875,4767.584051563259,0.41259999852627516,1026,10.58148431430197
27,DFS,50358.442806253086,4767.584051563259,1.1785000024246983,2172,956.2675405741592
27,Dijkstra,4767.584051563259,4767.584051563259,1.890899999125395,1589,0.0
27,A*,4767.584051563259,4767.584051563259,0.690199995005969,237,0.0
27,Hill climbing,6264.673458589403,4767.584051563259,961.246700004267,881,31.401426610093175
27,Simulated annealing,4767.584051563259,4767.584051563259,1902.236100002483,1721,0.0
28,BFS,2994.228699664997,2959.878644611793,0.5436999999801628,1156,1.1605224124892954
28,DFS,45284.67165273324,2959.878644611793,0.32700000156182796,526,1429.9502814133994
28,Dijkstra,2959.878644611793,2959.878644611793,0.9340999968117103,751,0.0
28,A*,2959.878644611793,2959.878644611793,0.19659999816212803,71,0.0
28,Hill climbing,2959.878644611793,2959.878644611793,1060.5322000046726,931,0.0
28,Simulated annealing,5145.766595839924,2959.878644611793,2183.479499995883,1721,73.8505936791481
29,BFS,3155.0405716896325,3155.0405716896325,0.16879999748198316,345,0.0
29,DFS,34762.604263707726,3155.0405716896325,1.4421000014408492,2667,1001.8116399400581
29,Dijkstra,3155.0405716896325,3155.0405716896325,0.9707999997772276,866,0.0
29,A*,3155.0405716896325,3155.0405716896325,0.5124000017531216,209,0.0
29,Hill climbing,3155.0405716896325,3155.0405716896325,313.0407000062405,441,0.0
29,Simulated annealing,3155.0405716896325,3155.0405716896325,788.838599997689,1721,0.0
